,,,,,,,,
S.No,Hall Name ,Stall Name,Company Name ,Parent Company Name ,Register Type ,Country ,Company  Logo,Address
1,Hall K,KR4.7,EDS Technologies,--,Exhibitor,India,," Plot No.68, Shri Prashanthi Sai Towers, Teetos business Centre 4th Floor, 1, Nagarjuna Hills Rd, Banjara Hills, Hyderabad, Telangana 500082"
2,Hall A,AS4.11,Abeyaantrix Solutions Private Limited,--,Exhibitor,India,Picture,"67, 1st Cross Rd, Lal Bahadur Nagar, East of NGEF Layout, Bennigana Halli, Bengaluru, Karnataka 560043"
3,Hall A,AS1.11,Rotary Connectors Private Limited,--,Exhibitor,India,Picture,"19, 5th Cross Rd, Rajaji Nagar Industrial Town, Rajajinagar, Bengaluru, Karnataka 560010"
4,"Hall A, Hall A, Hall A, Hall A, Hall A","AS4.5, AS4.4, AS4.3, AS4.2, AS4.1",Aerospace Engineers Pvt Ltd,--,Exhibitor,India,Picture,"The Salem Aeropark 8/63, National Highway-7, Ammapalayam Village, Mallur, Salem-636203, Tamil Nadu, India."
5,Hall A,AS3.11,Elastomeric Engineers,--,Exhibitor,India,Picture,"NH 7, Ammapalayam, Mallur, Sandiyur Attayampatti, Tamil Nadu 636203"
6,"Hall F, Hall F, Hall F, Hall F","FS2.4, FS2.3, FS2.2, FS2.1",Gopalan Aerospace India Private Limited,--,Exhibitor,India,Picture,"Plot No.6-B (Sy.No.85) KIADB Industrial Area Pillagumpe, Chokkahally, Hoskote, Karnataka 562122"
7,"Hall F, Hall F, Hall F","FS2.6, FS2.5, FS4.6",Southfield Coatings Private Limited,--,Exhibitor,India,Picture,"Plot No.102B-106, Hosur - Malur Rd NH 207, 3rd Phase, KIADB Industrial Area, Malur, Malur Rural, Karnataka 563130"
8,Hall A,AS3.13,LOYAL WINGMAN TECHNOLOGIES PRIVATE LIMATED,--,Exhibitor,India,Picture,"Fort, Plot CP-3& CP-4, near TVS Academy, Sipcot Phase II Industrial Complex, Phase-II, Sipcot Ph 2, Hosur, Moranapalli, Tamil Nadu 635130"
9,Hall A,AS3.12,HYPERHORIZON TECHNOLOGIES PRIVATE LIMITED,--,Exhibitor,India,Picture,No Address
10,Hall B,BS5.31,STAR HENTZEN COATINGS PRIVATE LIMITED,--,Exhibitor,India,Picture,"56, M Shetty Marg, Kala Ghoda, Fort, Mumbai, Maharashtra 400023"
11,Hall A,AS1.8,The Society for Aerospace Studies,--,Associate,India,Picture,"Aeronautical Society of India, 13-B, Central, IP Estate, New Delhi, Delhi, 110002"
12,Hall J,JR1.3,Amphenol Interconnect India Pvt Ltd,--,Exhibitor,India,Picture,"Amphenol Interconnect India Pvt. Ltd. 105, Bhosari Industrial Area Pune – 411 026. IN"
13,"Hall C, Hall C","CS1.12, CS1.13",DILABS Systems Private Limited,--,Exhibitor,India,Picture,"5AC-418, 1st Floor, 2nd Stage, Ward 27, 5A Cross Road, HRBR Layout, Kalyan Nagar, Bengaluru, Karnataka 560043"
14,Hall B,BR4.2,KALAPURNA STEEL AND ENGG PVT LTD,--,Exhibitor,India,Picture,"Lodha Supremus, KALAPURNA STEEL & ENGG. PVT. LTD. 901/9, Dr Elijah Moses Rd, Worli Naka, Worli, Mumbai, Maharashtra 400013"
15,Hall A,AS1.10,Turbo Cast (India) Pvt. Ltd.,--,Exhibitor,India,Picture,"Survey No. 21, Village:- Biliyala B/h Pan Agri Export Rajkot-Gondal, National Highway, Rajkot, Gujarat 360311"
16,Hall A,AS1.9,Turbo2 Cast Pvt Ltd,--,Exhibitor,India,Picture,"Survey No. 33, Biliyala Opp Biliyala Rajkot-Gondal, National Highway, Rajkot, Gujarat 360311"
17,Hall C,CS3.1,Jergens India Private Limited,--,Exhibitor,India,Picture," Kapurbawdi, Juinagar, Navi Mumbai, Thane, Maharashtra 400601(Permentaly Closed)"
18,Hall A,AS1.3,BlueKei Solutions Pvt Ltd,--,Exhibitor,India,Picture," Office No. 109, Tower 1, WORLD TRADE CENTER, EON Free Zone, Kharadi, Pune, Maharashtra 411014"
19,Hall B,BS5.32,STAR PAINT AND OIL INDUSTRIES,--,Exhibitor,India,Picture,"Crescent Chambers, 56, Tamarind Street, Fort, Mumbai 400 023."
20,Hall H,HS4.1,Accurate Sales and Services Pvt Ltd,--,Exhibitor,India,Picture," 67, Hadapsar Industrial Estate, Hadapsar, Pune, Maharashtra 411013"
21,Hall B,BR2.2d,Aviation & Defence Spares Ltd,--,Exhibitor,Foreign,Picture,"Unit 3/Branksome Business Park/Bourne Valley Rd, Poole BH12 1DW, United Kingdom"
22,Hall A,AR7.2,NewSpace Research and Technologies Pvt Ltd,--,Exhibitor,India,Picture,"2 Floor, GV Towers, Sahakar Nagar, Sanjeevini Nagar, Bengaluru, Karnataka 560092"
23,"Hall B, Hall B","BS5.17A, BS5.17B",Scope Metals Trading and services India Pvt Ltd,--,Exhibitor,India,Picture,"179, 180 Hi-Tech Defense and Aerospace Park Area, Hobli North, Taluk, Jala, Bengaluru, Karnataka 562165"
24,Hall A,AR7.4b,Eaton Industrial Products Private Limited,--,Exhibitor,India,Picture," 5PHJ+HC, B.Marenahalli, Bhatramarenahalli, Karnataka 562165"
25,Hall B,BR2.1,ISRAEL AEROSPACE INDUSTRIES LTD,--,Exhibitor,Foreign,Picture,No Address
26,Hall B,BS5.33,DR MGR ARI NAVAL & AEROSPACE INNOVATION LLP,--,Exhibitor,India,Picture,"Golden George Street, Golden George Nagar, Mogappair, Chennai, Tamil Nadu 600107"
27,Hall A,AS3.6,AEROSUN MEDIA PVT LTD,--,Associate,India,Picture,"# B 2, Sapphire, Prakruthi Township, 1st Block, 3rd Cross, Babusapalaya, Kalyan Nagar, Bengaluru, Karnataka 560043"
28,Hall B,BR4.1,Merlinhawk Aerospace Private Limited,--,Exhibitor,India,Picture," Merlinhawk Aerospace Pvt. Ltd., 1-8-505/11/2, Ground Floor,, Prakash Nagar, Begumpet, Hyderabad, Telangana 500016"
29,"Hall F, Hall F, Hall F, Hall F, Hall F, Hall F, Hall F, Hall F, Hall F, Hall F, Hall F, CHALET",F5.7A,Kallman Worldwide Inc,--,Exhibitor,Foreign,Picture,"4 North St # 800, Waldwick, NJ 07463, United States"
30,Hall H,HR2.3,Aero A2Z Services Private Limited,--,Exhibitor,India,Picture,"S/o Sh. R.C. Batra A-15/3, Ground Floor, Vasant Vihar, New Delhi, Delhi, India - 110057"
31,Hall B,BS5.1,Ananya Technologies Private Limited,--,Exhibitor,India,Picture,"No 7, Trans Industrial Hub, 5th Main Rd, Phase 3, Peenya, Bengaluru, Karnataka 560058"
32,Hall D,DR3,BrahMos Aerospace,--,Exhibitor,India,Picture,"FWV6+7P8 Chackai Beach, Airport Road, PO, Thiruvananthapuram, Kerala 695007"
33,Hall C,CR5.6,SOUTHERN ELECTRONICS BANGALORE PRIVATE LIMITED,--,Exhibitor,India,Picture,"16-A, Phase -1, Peenya, Bengaluru, Karnataka 560022"
34,Hall A,AS2.1,JSC IT Concepts India Pvt Ltd,--,Exhibitor,India,Picture,"B- 216, First Floor, Okhla, Phase 1, Okhla Industrial Area Phase-i, New Delhi, Delhi, India, 110020"
35,Hall B,BS5.25,Carris Pipes and Tubes Private Limited,--,Exhibitor,India,Picture,"5G82+FQX, P.B. No.2, Keezhillam - Kurichilacode Rd, P.O, Akanad, Koovappady, Aimury, Kerala 683546"
36,Hall A,AR8.4,RECAERO,--,Exhibitor,India,Picture,"Universal Precision Screws NH-10, Kharawar By Pass, VPO Kharawarr, Rohtak - Delhi Rd, Rohtak, Haryana 124501"
37,Hall K,KR4.5,UNIVERSAL PRECISION SCREWS,--,Exhibitor,India,Picture,"Universal Precision Screws NH-10, Kharawar By Pass, VPO Kharawarr, Rohtak - Delhi Rd, Rohtak, Haryana 124501"
38,"Hall C, Hall C, Hall C, Hall C, Hall C, Hall C","CR7.1, CR7.2, CR7.3, CR7.4, CR7.5, CR7.6",Adani Defence Systems and Technologies Limited,--,Exhibitor,India,Picture,"7F56+MX6, Pahadi Shareef, Hyderabad, Telangana 500005"
39,Hall A,AS2.7,Sanpar Defence Systems Private Limited,--,Exhibitor,India,Picture,"KSSIDC Industrial Estate, No.5, 2nd Cross Rd, Bommasandra Industrial Area, Bommasandra, Karnataka 560099"
40,"Hall B, Hall B","BS5.27, BS5.26",Cogne Acciai Speciali SpA,--,Exhibitor,Foreign,Picture,"Via Paravera, 16, 11100 Aosta AO, Italy"
41,Hall B,BS5.10,SANGHVI AEROSPACE PVT. LTD.,--,Exhibitor,India,Picture,"Survey No. 212, Lalit Warehouse, B/H, Narol - Sarkhej Rd, nr. Cozy hotel, Narolgam, Ahmedabad, Gujarat 382405"
42,Hall K,KS3.4,AERX LABS INDIA PVT LTD,--,Exhibitor,India,Picture,"#611, 1st Main Rd, Sector 6, HSR Layout, Bengaluru, Karnataka 560102"
43,"Hall E, Hall E, Hall E, Hall E, Hall E, Hall E","ER4.2, ER4.3, ER4.4, ER4.5, ER4.6, ER4.7",BHARAT DYNAMICS LIMITED,--,Exhibitor,India,Picture,"Plot No. 38-39, TSFC Building (Near ICICI Towers), Financial District, Gachibowli, Hyderabad, Telangana - 500032, India"
44,"Hall B, Hall B, Hall B","BR4.3, BR3.3, BR2.3",GIFAS,--,Exhibitor,Foreign,Picture,New Delhi
45,"Hall F, Hall F","FS1.14, FS1.13",Connekt electronics P Limited,--,Exhibitor,India,Picture,"409, 4th Main Rd, Krishna Reddy Layout, Amarjyoti Layout, Domlur, Bengaluru, Karnataka 560071"
46,Hall A,AS3.3,Pushpak Products India Pvt Ltd,--,Exhibitor,India,Picture," 303, Pushpak, MES Ring Rd, Seetharam Industrial Estate, Jalahalli Village, Jalahalli, Bengaluru, Karnataka 560013"
47,Hall A,AR6.4,HFCL Limited,--,Exhibitor,India,Picture,"· 8, Commercial Complex, Masjid Moth, Greater Kailash II, New Delhi-110048, India"
48,"Hall C, Hall C","CS1.2, CS1.3",Pinaka Aerospace Solutions Pvt Ltd,--,Exhibitor,India,Picture,"Plot 18, KIADB Hi Tech Hardware Park, Mahadevakodigehalli, Bengaluru, Karnataka 562149."
49,Hall H,HS3.8,Arrowhead Media Pvt Ltd,--,Associate,India,Picture,"B-602 SOM VIHAR, R.K. PURAM , NEW DELHI, Delhi, India - 110022"
50,"CHALET, CHALET","CHALET.38, CHALET.39",DASSAULT AVIATION,--,Exhibitor,Foreign,Picture,"9 Rond-point Des Champs-Elysees Marcel Dassault, 75008 Paris, France"
51,"Hall A, Hall A","AR8.7, AR8.6",Rafael Advanced Defense Systems LTD,--,Exhibitor,Foreign,Picture,"Haifa, Israel, at POB 2250, 3102102 Haifa"
52,CHALET,CHALET.34,SMPP Limited,--,Exhibitor,India,Picture,"SM House 9, Panchsheel Community Centre, New Delhi, Delhi 110017"
53,Hall C,CS2.11,Ethereal Machines Private Limited,--,Exhibitor,India,Picture,"No. 15, 2nd Phase, Industrial Suburb, Tumkur Rd, Goraguntepalya, Bengaluru, Karnataka 560022"
54,Hall F,FS2.7,Indo Aerospace Solutions Private Limited,--,Exhibitor,India,Picture,"4, Birbal Marg, Jangpura Extension, New Delhi - 110014, India"
55,"Hall A, Hall A","AS2.9, AS2.10",BIKAR METALS INDIA PRIVATE LIMITED,--,Exhibitor,India,Picture,"Aequs SEZ Plot No. 27 Sy No. 437/A Hukkeri, Taluk, Hattargi, Belagavi, Karnataka 591243"
56,Hall J,JR2.3,Embraer,--,Exhibitor,Foreign,Picture,"530, Westend Mall, District Centre, Janakpuri, West Delhi, Delhi, India, 110058"
57,Hall C,CR4.5,Ankit Aerospace Private Limited,--,Exhibitor,India,Picture,"Phase - I, # 297, Haragadde Village, Road No. 4, Jigni Industrial Estate, Bengaluru, Karnataka 560105"
58,Hall B,BR3.2,DASSAULT AIRCRAFT SERVICES INDIA PRIVATE LIMITED,--,Exhibitor,India,Picture,"A-280, Bhishma Pitamah Marg, Block A, Defence Colony, New Delhi, Delhi 110003"
59,Hall J,JR1.2a,SASMOS HET Technologies Limited,--,Exhibitor,India,Picture," #5, Onyx Centre, Museum Road, Shanthala Nagar, Ashok Nagar, Bengaluru – 560001, Karnataka"
60,"Hall B, Hall B","BS5.22, BS5.21",RAY-Q INTERCONNECTION TECHNOLOGIES INDIA PVT LTD,--,Exhibitor,India,Picture," Ancillary Industrial Layout Estate, 36, Garudachar Palya, Mahadevapura, Bengaluru, Karnataka 560048"
61,"Hall A, Hall A","AS4.6, AS4.7",AVI-OIL INDIA PVT LTD,--,Exhibitor,India,Picture,"Logix City Center Office Tower, 12th Floor, Tower-A, Sector-32, Noida, UP"
62,Hall A,AS3.4,Lakshmi Vacuum Technologies Pvt Ltd,--,Exhibitor,India,Picture,"GFH5+X37, Phase V, IDA Jeedimetla, Jeedimetla, Hyderabad, Telangana 500100"
63,Hall A,AS3.2,Pushpak Industrial Services,--,Exhibitor,India,Picture,"No. 303, Pushpak, MES Ring Rd, Seetharam Industrial Estate, Jalahalli Village, Jalahalli, Bengaluru, Karnataka 560013"
64,Hall A,AR5.1,Zen Technologies Limited,--,Exhibitor,India,Picture,"Industrial Estate, B-42, Allauddin Basthi, Sanath Nagar, Hyderabad, Telangana 500018"
65,Hall B,BR3.1,MBDA,--,Exhibitor,Foreign,Picture,"257 Bhisham Pitamah Marg, Defence Colony, Delhi - 110024, India."
66,Hall H,HR1.2,Schiebel Systems India Private Limited,--,Exhibitor,India,Picture," 6HX4+GFG, Adibatla, Telangana 501510"
67,"Hall C, Hall C","CR6.3, CS1.1",HICAL TECHNOLOGIES PRIVATE LIMITED,--,Exhibitor,India,Picture,"Survey No: 46&47, First Main Rd, Phase II, Electronic City, Bengaluru, Karnataka 560100"
68,Hall E,ER5.3,MISHRA DHATU NIGAM LIMITED,--,Exhibitor,India,Picture,"8GP6+435, Virat Nagar, Kanchan Bagh, Hyderabad, Telangana 500058"
69,Hall K,KS2.2,RSR AVIATION SERVICES PVT LTD,--,Exhibitor,India,Picture,"G-24 ,Road:, Unit No-B-67/68 , Platinum Springs Plot Number :6, G-20 to, Navde, Taloja, Navi Mumbai, Maharashtra 410208"
70,"Hall C, Hall C","CR4.4, CS3.10",Paras Defence and Space Technologies Limited,--,Exhibitor,India,Picture,"D-112, TTC Industrial Area, MIDC, Nerul, Navi Mumbai - 400706, India. "
71,Hall A,AR7.1,UK Defence and Security Exports,--,Exhibitor,Foreign,Picture,"D-112, TTC Industrial Area, MIDC, Nerul, Navi Mumbai - 400706, India. "
72,Hall C,CS2.10,SEC Industries Private Limited,--,Exhibitor,India,Picture,"6-25, opp. IDPL Factory, Bhavani Nagar, Balanagar, Hyderabad, Telangana 500037"
73,Hall C,CR4.3,Maini Precision Products Limited,--,Exhibitor,India,Picture,"B-165, Peenya Industrial Estate, 1st Stage, 3rd Cross, Bangalore - 560058. Karnataka, INDIA"
74,Hall K,KR4.3,AERO REL SYSTEMS PRIVATE LIMITED,VEER-O-METALS PRIVATE LIMITED,Co-Exhibitor,India,Picture,"h, 4-363/1, Rd Number 2, Sarvodaya Colony, Meerpet, Hyderabad, Telangana 500097"
75,Hall C,CR4.2,PBS INDIA PRIVATE LIMITED,--,Exhibitor,India,Picture,"7th Block, SJR PRIMUS Building, 5th Floor. 1, Koramangala Industrial Layout, Koramangala, Bengaluru, Karnataka 560095"
76,"Hall A, Hall A","AR5.3e, AR5.4",Elbit Systems Ltd,--,Exhibitor,Foreign,Picture,
77,Hall B,BS5.24,Samanvee Technologies,--,Exhibitor,India,Picture," Advanced Technology Center, P.O.B. 539, Haifa, 31053 Israel. "
78,"Hall B, Hall B","BS5.16, BS5.15",TENTACLE AEROLOGISTIX PVT LTD,--,Exhibitor,India,Picture,"Level 2, Indradhanush, Gubbi Cross, No 15, Hennur Bagalur Main Rd, Post, Kothanur, Bengaluru, Karnataka 560077"
79,CHALET,CHALET.40,Dynamatic Technologies Limited,--,Exhibitor,India,Picture,"JKM Plaza, Dynamatic Aerotropolis, 55, KIADB Aerospace Park, Devanahalli, Bengaluru, Karnataka 562 149, India"
80,Hall C,CR4.6,ideaForge Technology Pvt Ltd,--,Exhibitor,India,Picture," EL - 146, TTC Industrial Area, Electronic Zone, MIDC Industrial Area, Mahape, Navi Mumbai, Maharashtra 400710"
81,Hall C,CS1.10,Tailwind Aerospace Solutions Inc,--,Exhibitor,Foreign,Picture,"1751 California Ave Suite 103, Corona, CA 92881, United States"
82,Hall H,HR2.6,Zetatek Technologies Private Limited,--,Exhibitor,India,Picture,"Technocrats, Plot No.31, Industrial Estate, Balanagar, Hyderabad, Telangana 500037"
83,Hall A,AR7.4a,Astra Rafael Comsys Private Limited,--,Exhibitor,India,Picture,"Plot No.21(P)/B), Survey No.1/1, ,500005 Raviyala Revenue Village,Maheshwaram Mandal, Hyderabad, Telangana 501510"
84,Hall K,KR4.4A,USHODAYA ELECTRONICS,--,Exhibitor,India,Picture,"H.No : 1, 8-21, Trimulgherry - ECIL Rd, North Kamala Nagar, Hyderabad, Telangana 500062"
85,Hall F,FR5.3,VAF Def Aero Systems Private Limited,TamilNadu Industrial Development Corporation Limited,Co-Exhibitor,India,Picture,"9, Sowripalayam Rd, opp. Sujini Mills, Karuppusamy Nagar, Udayampalayam, Coimbatore, Tamil Nadu 641028"
86,Hall G,GS3.1,The Bhor Chemicals and Plastics Pvt Ltd,--,Exhibitor,India,Picture,"Shivsagar Estate, Block A, 8th Floor, Dr Annie Besant Road, Worli, Mumbai, PIN - 400018, Maharashtra, India"
87,Hall C,CR5.3,SIKA INTERPLANT SYSTEMS LIMITED,--,Exhibitor,India,Picture,"No. 3, Dr. Sharma Building, Gangadhar Chetty Rd, near Ulsoor, Halasuru, Yellappa Chetty Layout, Lake, Banglore, Bengaluru, Karnataka 560042"
88,Hall A,AS2.5,AEROCISION AEROCOMP INDIA PVT LTD,--,Exhibitor,India,Picture,"Khata No.: 536/1&2, Sy No.: 192/1, Hobali, Anekal, Jigani, Bengaluru, Karnataka 560105"
89,Hall K,KS5.6,Sterling Book House,--,Exhibitor,India,Picture,"Sterling Book House 181, Dr. D. N. Road, Fort, Mumbai 400001, India"
90,Hall C,CR6.2,RAPHE MPHIBR PRIVATE LIMITED,--,Exhibitor,India,Picture," B 200, Block B, Phase-2, Noida, Uttar Pradesh 201305"
91,"Hall A, Hall A","AS4.9, AS4.10",Breton SpA,--,Exhibitor,Foreign,Picture," Via Giuseppe Garibaldi 27, 31030 Castello di Godego (TV), Italy"
92,Hall B,BR2.2a,JJG Aero Pvt ltd,--,Exhibitor,India,Picture,"No. 135, KIADB Industrial Aera Bommasandra Jigani Link Road Bande Nallasandra Village Anekal Taluk, Jigani, Bengaluru, Karnataka 560105"
93,"Hall B, Hall B","BR1.2, BR1.1",Data Patterns Ltd,--,Exhibitor,India,Picture," 7-102/611, Inner Ring Rd, Nagendra Nagar, Habsiguda, Hyderabad, Telangana 500007"
94,Hall G,GS4.4,EDS Technologies,--,Exhibitor,India,Picture,"Plot No.68, Shri Prashanthi Sai Towers, Teetos business Centre 4th Floor, 1, Nagarjuna Hills Rd, Banjara Hills, Hyderabad, Telangana 500082"
95,Hall J,JR2.1A,KALAPURNA STEEL AND ENGG PVT LTD,--,Exhibitor,India,Picture,"Lodha Supremus, KALAPURNA STEEL & ENGG. PVT. LTD. 901/9, Dr Elijah Moses Rd, Worli Naka, Worli, Mumbai, Maharashtra 400013"
96,Hall G,GS2.3,VJ Imaging Technologies Private Limited,--,Exhibitor,India,Picture,"Building No, 121G, Hosur Road, opp. Mahindra Old Unit, 1st Phase, Bommasandra Industrial Area, Bengaluru, Bommasandra, Karnataka 560099"
97,Hall A,AR6.1,VEM TECHNOLOGIES PVT LTD,--,Exhibitor,India,Picture,"8-48/1 Bachupally Industrial Area, Quthubullapur Mandal, Ranga Reddy District, Hyderabad, Telangana 500090"
98,"Hall E, CHALET","ER3.1A, CHALET.30",BEML LIMITED,--,Exhibitor,India,Picture," Flat No. E, F, G, H - 11 th Floor, Vandana Building, Tolstoy Marg,. New Delhi – 110 001"
99,"Hall C, Hall C, Outdoor","CR5.4, CR5.5, OD-4",Saab,--,Exhibitor,Foreign,Picture,"18th floor, Raheja Commerzone, Hetero Tower, Silpa Gram Craft Village, Rai Durg, Hyderabad, Telangana 500032"
100,Hall H,HS3.4,Aimil Ltd,--,Exhibitor,India,Picture,"2nd Floor, BHUVANA TOWERS, 201 & 202, Sarojini Devi Rd, Kalasiguda, Secunderabad, Telangana 500003"
101,"Hall B, Hall B","BS5.18, BS5.17",Laversab India Aviation Pvt Ltd,--,Exhibitor,India,Picture,"No. 177, 3rd Floor, Above KFC, R.T. Nagar Main Road, Bengaluru, Karnataka, 560032, India"
102,"Hall B, Hall B, Hall B","BS5.11, BS5.12, BS5.13",Acciaierie Valbruna SpA,--,Exhibitor,Foreign,Picture,"Via Alessandro Volta, 4, 39100 Bolzano, Italy. "
103,Hall G,GS3.3,BASHI AEROSPACE PRIVATE LIMITED,--,Exhibitor,India,Picture,"143 M I Cross, Rajaji Nagar Industrial Area, Rajajinag, Bangalore, Karnataka, India, 560010"
104,CHALET,CHALET.41,JSC NASC,--,Exhibitor,Foreign,Picture,"Proezd Yablochkova D. 5, Korpus 18, Ryazan, 390023, Russia and Ul. Bolshaya Tatarskaya D. 35, Str. 4, Floor 2, Pomeshch. IX/Kom. 5, Moscow, 115184, Russia"
105,Hall G,GR5.3a,EXPLEO SOLUTIONS LIMITED,--,Exhibitor,India,Picture,"6A, Sixth Floor, Prince Infocity II, No. 283/3 & 283/4, Rajiv Gandhi Salai (OMR), Kandanchavadi, Chennai, Tamil Nadu, India - 600096"
106,Hall F,FS3.1,Enlite Helicopters Private Limited,--,Exhibitor,India,Picture,"4/704, Rajaji puram, Part III, Kakkalur, Tamil Nadu 602001"
107,Hall A,AR8.5,Embassy of Israel - Defense Section,--,Exhibitor,Foreign,Picture," 3, Dr APJ Abdul Kalam Rd, Aurangzeb Road, New Delhi, Delhi 110011, India"
108,Hall G,GS3.5,Crescendoworldwide Pvt Ltd,--,Exhibitor,India,Picture,"1st Floor, EFC Prime, S. No. 104/3, near Mercedes Benz, near Balewadi, Baner, Pune, Maharashtra 411045"
109,Hall B,BS5.14,Sona Speed Private Limited,--,Exhibitor,India,Picture,"Survey No. 79-82, Bidadi Main Road, Hejjala Hejjala, 25th KM, Industrial Area, Bidadi, Ramanagara, Karnataka 562109"
110,Hall A,AR7.3a,Kalyani Rafael Advanced Systems Pvt Ltd,--,Exhibitor,India,Picture,"24C, Hardware Park, Kancha Imarat, Survey No: 1/1, Maheshwaram Mandal Shamshabad, Dist, Hyderabad, Telangana 501510"
111,Hall G,GS2.1,JSM Composites LLP,--,Exhibitor,India,Picture,"Raheja Tesla Industrial Area, Turbhe MIDC, Navi Mumbai, Maharashtra 400703"
112,Hall B,BS5.17C,ATWIC RESEARCH & DEVELOPMENT PRIVATE LIMITED,--,Exhibitor,India,Picture,"PALAPARAMBIL VEEDU, SY NO. 483/5 NEAR ELAMBATHKAAV TEMBLE, RAJAGIRI VALLEY P O, KAKKANAD, Ernakulam, KL 682039, India "
113,"CHALET, CHALET, CHALET, CHALET, CHALET, Hall E, Hall E, Hall E, Hall E, Outdoor, Outdoor","CHALET.21, CHALET.22, CHALET.23, CHALET.24, CHALET.25, ER2.1, ER2.2, ER2.3, ER2.4, OD-1, OD-2",HINDUSTAN AERONAUTICS LIMITED,--,Exhibitor,India,Picture," Avionics Division, HAL Twp, Balanagar, Hyderabad, Telangana 500042"
114,Hall G,GR5.6,MKU LIMITED,--,Exhibitor,India,Picture,"13 GANDHI GRAM G T ROAD, KANPUR, Uttar Pradesh, India, 208007"
115,"Hall B, Hall B","BS5.7, BS5.8",AMI Metals Inc,--,Exhibitor,Foreign,Picture,"1738 General George Patton Dr., Brentwood, TN 37027, United States"
116,CHALET,SCHALET.42B,Deep Engineering Industries,--,Exhibitor,India,Picture,"Industrial Area Phase II, Chandigarh, 160002"
117,Hall C,CS2.1,Next Defence Private Limited,--,Exhibitor,India,Picture," 2nd Floor, 675/A, 16th Main Rd, opposite BDA complex, Koramangala 3 Block, Koramangala, Bengaluru, Karnataka 560034"
118,Hall B,BS5.29,Q-Alpha Aerospace Private Limited,--,Exhibitor,India,Picture,"25103, Prestige Jindal City, Tumkur Main Road, Nagasandra (Bangalore), Bangalore, Bangalore North, Karnataka, India, 560073"
119,"Hall A, Hall A","AS2.4, AS2.3",Radiall India Pvt ltd,--,Exhibitor,India,Picture," karanataka,, 25, 2nd Main Rd, Peenya Industrial Area Phase IV, Peenya, Bengaluru, Karnataka 560058"
120,Hall B,BS5.9,National Engineering Industries Ltd,--,Exhibitor,India,Picture,"Plot No. 2–7/3, Alindra Estate, Manjusar GIDC Savli, Gujarat 391776"
121,"Hall J, Hall J","JS3.7, JS3.8",ADRYS TECHNOLOGIES,--,Exhibitor,India,Picture,"No. 320, 2nd G Cross Rd, West Of Chord Road, 3rd Stage, Basaveshwar Nagar, Bengaluru, Karnataka 560079"
122,Hall K,KR4.8A,Anil Metals Private Limited,--,Exhibitor,India,Picture,"No 39/2, Shed, Jawaharlal Nehru, Survey, No 2, Jawaharlal Nehru Salai, Manjampakkam, Tamil Nadu 600060"
123,Hall F,FS1.11,Zeus Numerix Private Limited,--,Exhibitor,India,Picture," 305/306, 3rd Floor, Pushpak Business Hub, Karpe Nagar Bhumkar Chowk, Wakad, Pimpri-Chinchwad, Maharashtra 411057"
124,"Hall C, Hall C","CS3.6, CS3.7",DCX Systems Limited,--,Exhibitor,India,Picture," Plot#29,30&107 | Aerospace SEZ Park, KIADB Industrial Area, Devanahalli, Bengaluru, Karnataka 562110"
125,Hall B,BS5.23,ADDEV Materials Private Limited,--,Exhibitor,India,Picture,"SHED NO. 3, SURVEY NO. 38/1 KRISHNASAGARA VILLAGE, ANEKAL, TK, Attibele, Karnataka 562107"
126,"Hall A, Hall A","AR6.2b, AR6.2a",ASTRA MICROWAVE PRODUCTS LIMITED,--,Exhibitor,India,Picture,"Survey No. 12(P, Astra Towers, Post, Kondapur, Jubilee Enclave, Kothaguda, Hyderabad, Telangana 500084"
127,Hall K,KS2.6,TurboTech Precision Engineering Pvt Ltd,--,Exhibitor,India,Picture,"Survey No. 8/2, Honnasandra Village, Kasaba Hobli, Nelamangala Taluk,, Bengaluru Rural, Karnataka 562123"
128,Hall H,HR5.4,voestalpine High Performance Metals India Pvt Ltd,--,Exhibitor,India,Picture," G 99 / 1 - SIPCOT Industrial Park, Vallam - Vadagal Post -Oragadam, Tal - Sriperumbudur, Dist - Kanchipuram, Vallam, Tamil Nadu 602106"
129,Hall G,GR5.4,Aviatech Enterprises Private Limited,--,Exhibitor,India,Picture," 9WGG+GW8, Verna Industrial Estate, Verna, Quelossim, Goa 403722"
130,Hall C,CS3.11,Smart-Waves Technologies Private Limited,--,Exhibitor,India,Picture,"FHHC+MPG, Unnamed Road, Gandhi nagar, Kushaiguda Industrial Area, Kushaiguda, Secunderabad, Telangana 500062"
131,Hall K,KS1.4,MANIT CONSOLIDATED SERVICES,--,Exhibitor,India,Picture,"114, Prabhat Colony Rd, Sen Nagar, Santacruz East, Mumbai, Maharashtra 400055"
132,Hall J,JS4.6,"Adept Fasteners, Inc.",--,Exhibitor,Foreign,Picture,"27949 Hancock Parkway, Valencia, CA 91355, United States"
133,Hall B,BS5.6,RATNAMANI METALS AND TUBES LTD,--,Exhibitor,India,Picture,"4-2-243, Old Bhoiguda, Rani Gunj, Secunderabad, Telangana 500003"
134,Hall K,KR4.3,VEER-O-METALS PRIVATE LIMITED,--,Exhibitor,India,Picture," A-02, BEL Industrial Estate, Jalahalli, Bengaluru, Karnataka 560013"
135,Hall F,FS1.2,BEVEL GEARS INDIA PVT LTD,--,Exhibitor,India,Picture,"17 - B, Whitefield Main Rd, Sadara Mangala Industrial Area, Sadaramangala Industrial Area, Krishnarajapuram, Bengaluru, Karnataka 560048"
136,Hall G,GS1.4,HINDUSTAN INSTITUTE OF TECHNOLOGY AND SCIENCE (Non-Member),--,Exhibitor,India,Picture,"Rajiv Gandhi Salai, OMR, Padur, Kelambakkam, Tamil Nadu 603103"
137,Hall A,AS3.7,KAPASI-INC BANGALORE-INDIA,--,Exhibitor,India,Picture," No.83, 1st Main Road, New Binny Layout, (Opp. Balekai Mandi), Tank Bund Road, Bengaluru, Karnataka 560023"
138,Hall B,BS5.28,TheAccesories,--,Exhibitor,India,Picture,"L-15, Ward No 89, Block E, Next Galleria Mall, Punjagutta, Hyderabad-82"
139,Hall H,HR1.6,Sunflag Iron steel co Ltd,--,Exhibitor,India,Picture,"33 Mount Road, Sadar, Nagpur - 440001, India"
140,Hall A,AS3.10,Hyperreality Technologies Pvt Ltd,--,Exhibitor,India,Picture,"#W-205, IIIT-Bangalore, Innovation Centre, 26/C, Electronics City, Hosur Road, Bangalore, Karnataka, India - 560100"
141,Hall H,HR1.3,MRF LIMITED,--,Exhibitor,India,Picture,"No. 114, Greams Road, Chennai, Tamil Nadu, 600006"
142,Hall A,AS1.13,BOLLHOFF FASTENINGS PVT LTD,--,Exhibitor,India,Picture,"Plot No 370, Udyog Vihar Phase IV, Rao Gajraj Singh Marg, Electronic City, IDPL Twp, Sector 22A, Sector 18, Gurugram, Haryana 122015"
143,Hall F,FS1.12,TARGET AERO PRIVATE LIMITED,--,Exhibitor,India,Picture," F-17/89, Sector – 8 Rohini, New Delhi, Delhi 110085"
144,Hall F,FS3.2,Circor Flow Technologies India Pvt Ltd,--,Exhibitor,India,Picture,"SF No. 337/2, No.15 Naranapuram Village, Thennampalayam to Annur Road, Ponnandampalayam, Coimbatore, Tamil Nadu 641659"
145,Hall C,CS3.3,M/S ACCORD SOFTWARE ANDSYSTEMS PRIVATE LIMITED,--,Exhibitor,India,Picture,"No. 72 & 73, 2nd Floor, Krishna Reddy Colony, Domlur Layout, Bangalore, Karnataka, India, 560071"
146,Hall J,JR5.6,Liebherr-Aerospace & Transportation SAS,--,Exhibitor,Foreign,Picture,Liebherr-Aerospace & Transportation SAS
147,Hall G,GR5.2C,HIMIL UWAVE RESEARCHCO PVT LTD,--,Exhibitor,India,Picture,"39/1, 1st Main Road, New Timber Yard Layout, Near Satellite Bus Stand, Mysore Road Cross, Bangalore, Karnataka - 560026, India. "
148,"CHALET, Hall J","CHALET.35, JR5.1C",Rosoboronexport JSC,--,Exhibitor,Foreign,Picture,"27, Stromynka Street, Moscow, 107076, Russian Federation"
149,Hall C,CS3.9,DYNAMIXON TECHNOLOGIES PRIVATE LIMITED,--,Exhibitor,India,Picture," 1st Floor, No.1, AAC 206 East of NGEF Extn, 2nd Main Rd, Kasturi Nagar, Bengaluru, Karnataka 560043"
150,Hall H,HR2.5b,Pawan Hans Limited,--,Exhibitor,India,Picture,"Pawan Hans Tower, C-14, Sector-1, Noida - 201301, Uttar Pradesh, India. "
151,Hall J,JR2.1B,Dhaksha Unmanned Systems Private Limited,--,Exhibitor,India,Picture," No. 253, 10th Street, Sidco Industrial Estate, Ambattur, Chennai – 600 098. "
152,Hall C,CS2.4,Central Manufacturing Technology Institute,--,Exhibitor,India,Picture,"Tumkur Rd, Yeshwanthpur Industrial Area, Phase 1, Yeswanthpur, Bengaluru, Karnataka 560022"
153,Hall A,AS1.4,Trasccon Interconnection Systems Pvt LTD,--,Exhibitor,India,Picture," Aarohana 19/3, 1st and 2nd Floor, Srinivasa Industrial Estate, Kanakapura Main Rd, behind RMS International School & PU college, Mango Garden Layout, Konanakunte, Bengaluru, Karnataka 560062"
154,Hall H,HR5.3,The Boeing Company,--,Exhibitor,Foreign,Picture,"Arlington, Virginia, near Washington, D.C"
155,Hall A,AS2.2,Reutech India Private Limited,--,Exhibitor,India,Picture,"S-3, 1st Floor, Block C, Green Park Extension, Green Park, New Delhi, Delhi 110016"
156,Hall H,HS4.2,Accurate Gauging and Instruments Pvt Ltd,--,Exhibitor,India,Picture,"67 Gauge House, Hadapsar Industrial Estate, Pune, Maharashtra 411013"
157,Hall F,FS1.1,Paras wires private limited,--,Exhibitor,India,Picture,"Plot 17q , Sector1, Phase 2, KIADB Industrial Area Bidadi, Industrial Estate, Bengaluru, Karnataka 562109"
158,Hall H,HR2.1,Godrej & Boyce Mfg. Co. Ltd.,--,Exhibitor,India,Picture,"Pirojshanagar, Vikhroli, Mumbai - 400079, India"
159,Hall C,CS1.4,Crouzet Mechatronics India Private Limited,--,Exhibitor,India,Picture,"Ist Floor, K.H.B, 46, Yelahanka 4th Phase, INDUSTRIAL AREA, Yelahanka New Town, Bengaluru, Karnataka 560064"
160,Hall A,AS2.11,Park Controls and Communications Private Limited,--,Exhibitor,India,Picture,"2716, Suranjan Das Rd Rd, HAL 3rd Stage, Bhoomi Reddy Colony, New Tippasandra, Bengaluru, Karnataka 560075"
161,Hall G,GS1.6,Apollo Aerospace Components India Pvt Ltd,--,Exhibitor,India,Picture,"No 405 , 3rd Floor, Prestige Atrium, No1, Central St, Shivaji Nagar, Bengaluru, Karnataka 560001"
162,Hall H,HS3.3,DeltaT Aerospace Private Limited,--,Exhibitor,India,Picture,"Phase 3, Peenya, Bengaluru, Karnataka 560058"
163,Hall C,CR5.2,CoreEL Technologies India Private Limited,--,Exhibitor,India,Picture,"21, Mahatyagi Laksmidevi Rd, Koramangala 1A Block, 1st Block Koramangala, Koramangala, Bengaluru, Karnataka 560034"
164,"Hall F, Hall F, Hall F, Hall F, Hall F, Hall F","FR5.2, FR5.1, FR5.3, FR5.4, FR5.5, FR5.6",TamilNadu Industrial Development Corporation Limited,--,Exhibitor,India,Picture,"19-A, Rukmani Lakshmipathi Rd, Egmore, Chennai, Tamil Nadu 600008"
165,Hall E,ER5.2,DGAQA MoD DDP,--,Exhibitor,India,Picture," 136, South Block, New Delhi"
166,Hall B,BR2.2b,AZISTA INDUSTRIES PVT LTD,--,Exhibitor,India,Picture,"4th Floor, C Wing, Melange Tower, near Ratnadeep Super Market, HUDA Techno Enclave, Madhapur, Hyderabad, Telangana 500081"
167,Hall H,HS3.7,Datasol Bangalore Private Ltd,--,Exhibitor,India,Picture,"No 793, Datasol Hose, Veeranna Paalya, behind BEL Corporate Office, Nagawara, Bengaluru, Karnataka 560045"
168,Hall F,FS1.4,AXON INTERCONNECTORS AND WIRES,--,Exhibitor,India,Picture," B, Marenahalli, B.Marenahalli, Bhatramarenahalli, Karnataka 562165"
169,Hall J,JR5.7B,PCI Gases India Pvt Ltd,--,Exhibitor,India,Picture,"787, Ground Floor 9th A Main, 1st Stage, Binnamangala, Ind iranagar , Bengaluru, Karnataka, India - 560038"
170,"Hall C, Hall C","CS2.6, CS2.7",Avdel India Private Limited,--,Exhibitor,India,Picture,"17-2-628/13, Madannapet, Saidabad, Hyderabad, 500059"
171,Hall C,CS3.2,Accord Ideation Private Limited,--,Exhibitor,India,Picture,"Plot 26, 8-2-248/1/7/26/2, Mothi Nagar, Nagarjuna Hills, Punjagutta, Hyderabad, Telangana 500082"
172,Hall J,JR2.6,elettronica aster spa,--,Exhibitor,Foreign,Picture,"Via Longoni, 110, 20825 Barlassina MB, Italy"
173,Hall G,GS1.5,VINYAS INNOVATIVE TECHNOLOGIES LIMITED,--,Exhibitor,India,Picture,"KIADB Plot No. 19, Survey No. 26 & 273P 3rd Phase, Koorgalli Industrial, Mysuru, Karnataka 570018"
174,Hall H,HR2.5a,SAARC Masts Tech Pvt Ltd,--,Exhibitor,India,Picture,"31/A, 31/A, Sri Sri Sri Shivakumara Swamiji Rd, Kammagondahalli, Jalahalli, Bengaluru, Karnataka 560090"
175,Hall H,HR2.4,Bit Mapper Integration Technologies Pvt Ltd,--,Exhibitor,India,Picture,"Shewale Ctr Rd, MIDC, Pimpri Colony, Pimpri-Chinchwad, Maharashtra 411018"
176,"Hall E, Hall E","ER3.3, ER3.4",Armoured Vehicles Nigam Limited,--,Exhibitor,India,Picture,"C/o Armoured Vehicles Headquarters, HVF Road, Bhaktavatsalapuram, Avadi, Chennai, Tamil Nadu 600054, India. "
177,Hall G,GS4.1,AARJAY INTERNATIONAL PRIVATE LIMITED,--,Exhibitor,India,Picture," 948B, 9th Main Rd, off Bannerghatta Road, Vijaya Bank Layout, Bilekahalli, Bengaluru, Karnataka 560076"
178,Hall H,HS3.1,Stein Seal Company (India) Pvt. Ltd.,--,Exhibitor,India,Picture,"Sy. No. 11, Lakshmanapura Village (Next to Sompura Industrial Area 2nd Stage Thyamagondlu Hobli, Nelamangala Town, Bengaluru, Karnataka 562132"
179,Hall A,AS2.6,Misochain Technologies Private Limited,--,Exhibitor,India,Picture,"7th Sector, HSR Layout, Bengaluru, Karnataka 560102"
180,Hall K,KS2.4,Exicom Technologies India Private Limited,--,Exhibitor,India,Picture,"B-2, 1st Floor, R S Industrial Estate, Goregaon East, Mumbai, Maharashtra, India - 400063. "
181,Hall F,FS4.7,Siddhartha Logistics FTWZ Pvt Ltd,--,Exhibitor,India,Picture,"1, Chikoti Gardens, Begumpet, Hyderabad, Telangana 500016"
182,Hall C,CR6.1,Apollo Micro Systems Ltd,--,Exhibitor,India,Picture,"14 15 1920, Manikchand Rd, HCL Nagar, Mallapur, Secunderabad, Telangana 500076"
183,"Hall A, Hall A","AS1.6, AS1.5",AKSI AI AEROSPACE AND AGRI TECHNOLOGY VENTURES PRIVATE LIMITED,--,Exhibitor,India,Picture,"Plot No 5-9-471/3/16P, 101, Sai Krishna Enclave PH 3, Jawahar Nagar, Tirumalagiri, Hyderabad, Telangana, 500087, India"
184,Hall C,CS2.8,Nicomatic India Electronics Pvt Ltd,--,Exhibitor,India,Picture,"5P25+JF, Rd Number 8, Mahadeva Kodigehalli, Bengaluru, Karnataka 562149"
185,Hall H,HR5.1,Vista Consoles Electronics Pvt Ltd,--,Exhibitor,India,Picture," 103, Block B, Sector 67, Noida, Uttar Pradesh 201309"
186,Hall C,CS2.3,Vimanic Systems I Pvt Ltd,--,Exhibitor,India,Picture,"729/B, II MAIN ROAD, SRI. K.B. MUNIVENKATA REDDY TOWNSHIP, KONENA AGRAHARA, VARTHUR HOBLI, BANGALORE, Karnataka, India, 560017"
187,"Hall F, Hall F","FS3.11, FS3.12",Strongfield Technologies India Private Limited,--,Exhibitor,India,Picture,"Unit No: 505-506, 5th Floor, B Wing, Mittal Towers, MG Road, Bangalore, Karnataka - 560001, India. "
188,Hall H,HS4.8,Indian Institute of Management Bangalore,--,Exhibitor,India,Picture,"Bannerghatta Rd, opp. to Apollo Hospitals, Sundar Ram Shetty Nagar, Bilekahalli, Bengaluru, Karnataka 560076"
189,Hall H,HS4.3,ZOSH AEROSPACE OPC PRIVATED LIMITED,--,Exhibitor,India,Picture," Alay Arcade, 80 Feet Road, 7th Block, HMT Layout, Vidyaranyapura, Bengaluru, Karnataka 560097"
190,Hall B,BS5.3,Axnes AS,--,Exhibitor,Foreign,Picture,"Reddalsveien 57, 4886 Grimstad, Norway"
191,Hall E,ER5.4,Gliders India Limited,--,Exhibitor,India,Picture,"GT Rd, DRDO Kanpur, Kanpur, Uttar Pradesh 208013"
192,Hall H,HR2.2,Ramco Systems Ltd,--,Exhibitor,India,Picture,"201, 1-10-98/A, Saptagiri Residency, Chikoti K Gardens, Begumpet, Begumpet, Hyderabad, 500016"
193,Hall F,FS1.3,System Controls Technology Solutions Pvt Ltd,--,Exhibitor,India,Picture,"#65&66P, Hi-Tech Defence and Aerospace Industrial Area, Bengaluru-562129"
194,Hall C,CS1.9,DYNAFORCE TACTICAL PRIVATE LIMITED,--,Exhibitor,India,Picture,"H.NO S-364, Basement, Back Portion, Panchsheel Park, Malviya Nagar, New Delhi, Delhi, India, 110017. "
195,Hall K,KS2.8,AdTEC ELECTRONIC INSTRUMENTS PRIVATE LIMITED,--,Exhibitor,India,Picture,"Prerana Towers, 563/1, Ranka Colony Rd, off Bannerghatta Road, BTM 2nd Stage, Bilekahalli, Bengaluru, Karnataka 560076"
196,Hall K,KR4.8C,Swastik Oil Products Manufacturing Navsari Pvt Ltd,--,Exhibitor,India,Picture,"Plot 251, Khadsupa Boarding PO, Unn, Gujarat 396433"
197,Hall H,HR1.7,Capgemini Technology Services India Ltd,--,Exhibitor,India,Picture," 14, Rajiv Gandhi Infotech Park, Hinjawadi Phase-III, MIDC-SEZ, Village Man, Taluka Mulshi, PUNE-411 057, INDIA."
198,CHALET,CHALET.33,Exposure Group Pty Ltd,--,Exhibitor,Foreign,Picture,"23 Foundry Rd, Seven Hills NSW 2147, Australia"
199,Hall H,HS4.6,JV Micronics,--,Exhibitor,India,Picture,"Plot No. 413, Sector-68, IMT (Industrial Model Township, Haryana 121004"
200,Hall A,AS4.8,ZING TECHNOLOGIES,--,Exhibitor,India,Picture," A4, 3rd Floor, NGEF Anciellery Industrial Estate, ITPL Main Rd, Garudachar Palya, Mahadevapura, Bengaluru, Karnataka 560048"
201,"Hall A, Hall A","AS1.2, AS1.1",Optimare India Private Limited,--,Exhibitor,India,Picture," CENTRUM PLAZA, 335A, Golf Course Rd, IILM Institute, Sector 53, Gurugram, Haryana 122002"
202,Hall B,BS5.4,VAR ELECTROCHEM PRIVATE LIMITED,--,Exhibitor,India,Picture,"P-201/3, Lane-V, Phase II, Sector-3, Cherlapalli, Hyderabad, Secunderabad, Telangana 500051"
203,Hall A,AS2.8,Quest Global Engineering Services Pvt Ltd,--,Exhibitor,India,Picture,"Quest Global, Shanghai – Minhang. Room No 7703 - 7705, Building 1, Pujiang Zhidi Boutique Business Park, NO 1239 Lianhang Road, Minhang District, Shanghai."
204,Hall C,CS1.8,Processware Systems Private Limited,--,Exhibitor,India,Picture," 33, Patalamma St, Basavanagudi, Bengaluru, Karnataka 560004"
205,Hall B,BR2.2c,CENTUM ELECTRONICS LIMITED,--,Exhibitor,India,Picture,"No. 44, KHB Industrial Area, Yelahanka New Town, Bengaluru - 560106, Karnataka, India"
206,Hall H,HS4.4,DSV AIR AND SEA PRIVATE LIMITED,--,Exhibitor,India,Picture,"1,8,384/385, 4/F, Gowra Grand Sardar Patel RD, Begumpet 500003 Hyderabad Telangana India"
207,Hall A,AS1.7,N K RF PRODUCTS AND SERVICES PVT LTD,--,Exhibitor,India,Picture," 2nd Cross Rd, Murugeshpalya, Bengaluru, Karnataka 560017"
208,Hall J,JR1.4,HENSOLDT AG,--,Exhibitor,Foreign,Picture,"Willy-Messerschmitt-Strasse 3, 82024 Taufkirchen, Germany"
209,CHALET,CHALET.32,2Heads Global Design Ltd,--,Exhibitor,Foreign,Picture,"SECOND FLOOR, REGATTA HOUSE, 69 HIGH STREET, MARLOW, ENGLAND, SL7 1AB"
210,Hall J,JR5.7A,Aviazapchast PLC,--,Exhibitor,Foreign,Picture,"48, Ivana Franko Street, Moscow, 121351, Russia"
211,Hall B,BS5.2,Ananya Cable Tech Private Limited,--,Exhibitor,India,Picture,"No 7, Trans Industrial Hub, 5th Main Rd, Phase 3, Peenya, Bengaluru, Karnataka 560058"
212,Hall C,CS3.4,MG SEATING SYSTEMS PRIVATE LIMITED,--,Exhibitor,India,Picture,"7th Floor, Office No. 701, HILL SIDE 45, near Amar MADHUBAN Tech Park, opposite AUDI Showroom, Baner, Pune, Maharashtra 411069"
213,"CHALET, Hall J","SCHALET.44A, JR5.1A",United Engine Corporation JSC,--,Exhibitor,Foreign,Picture,"Located at 108, Veena Killedar Inds Estate, 10/14 Pais Street, Byculla (W), Mumbai - 400011, India. "
214,Hall B,BS5.30,ELEKTRONIKLAB INDIA PVT LTD,--,Exhibitor,India,Picture," 10D, Masilamani St, T. Nagar, Chennai, Tamil Nadu 600017"
215,Hall C,CS1.11,Tarang Kinetics Pvt Ltd,--,Exhibitor,India,Picture,"TARANG KINETICS (P) LTD. C-20, Industrial Estate, Roorkee, Uttarakhand 247667"
216,Hall H,HR1.4,Aeroarc Private Limited,--,Exhibitor,India,Picture,"LCS C6, Plot 5, Pocket 6, Sector C, Vasant Kunj, New Delhi, Delhi 110070"
217,CHALET,CHALET.37,Bharat Forge Ltd,--,Exhibitor,India,Picture,"The Platina, Gachibowli - Miyapur Rd, Building, Jayabheri Enclave, Gachibowli, Hyderabad, Telangana 500032"
218,Hall A,AR7.3b,Azad Engineering Limited,--,Exhibitor,India,Picture,"I, 90, D 90/C, Shapur Nagar Main Rd, Phase 1, IDA Jeedimetla, Chinthal, Jeedimetla, Hyderabad, Telangana 500055"
219,Hall F,FS3.10,VAL-MET Engineering Pvt Ltd,--,Exhibitor,India,Picture,"PLOT NO. 110, Sipcot Jct Rd, Pappankuppam, Tamil Nadu 601201"
220,Hall K,KS5.2,INDO WINGS PRIVATE LIMITED,--,Exhibitor,India,Picture," A-21, Block A, Sector 60, Noida, Uttar Pradesh 201309"
221,Hall H,HR5.2,Tata Advanced Systems Limited,--,Exhibitor,India,Picture," Hardware Park, Plot No. 21, Sy No. 1/1, Imarat Kancha Raviryala village Maheshwaram Mandal, Telangana 501218"
222,Hall F,FR5.1,AVIRONIX PRIVATE LIMITED,TamilNadu Industrial Development Corporation Limited,Co-Exhibitor,India,Picture,"Prashanti Nagar, IDA Kukatpally, Kukatpally, Hyderabad, Telangana 500071"
223,Hall K,KR4.4B,LEACH INTERNATIONAL EUROPE SAS,--,Exhibitor,Foreign,Picture," 2 Rue Goethe, 57430 Sarralbe, France"
224,Hall J,JS3.2,Orbit Communication Systems,--,Exhibitor,Foreign,Picture," SRI SAI NILAYAM , 3-454/1&2 , RAVINDRANAGAR COLONY Opp lane to Kaveri wood, Gopi Krishna colony, Nagaram, Hyderabad, Telangana 500083"
225,"CHALET, Hall E","CHALET.10, ER1.1",Karnataka Udyog Mitra,--,Exhibitor,India,Picture,"3rd Floor, Khanija Bhavan, 49, Race Course Rd, East Wing, Racecourse, Gandhi Nagar, Bengaluru, Karnataka 560001"
226,Hall C,CS2.2,ALLTRONIX,--,Exhibitor,India,Picture,"C 340, 6th Cross, Phase -1, Peenya, Bengaluru, Karnataka 560058"
227,Hall F,FS3.4,Jayasuriya Aero Private Limited,--,Exhibitor,India,Picture,"""SAKTHI AERO GARDEN"" 23, VENGADAMANGALAM MAIN ROAD, VENGADAMANGALAM, PONMAR, Chennai, Tamil Nadu 600127"
228,Hall G,GS3.4,Tecnomic Components Pvt Ltd,--,Exhibitor,India,Picture,"Carlton Towers, 111~ 114 ,1st Floor, A' Wing, HAL Old Airport Rd, Kodihalli, Bengaluru, Karnataka 560008"
229,"Hall C, Hall C, Hall C","CS1.5, CS1.6, CS1.7",WAVE MECHANICS PRIVATE LIMTIED,--,Exhibitor,India,Picture," V 3, 1st Main Rd, 1st Stage, Peenya, Bengaluru, Karnataka 560058"
230,Hall A,AS3.1,Pushpak Aerospace India Pvt Ltd,--,Exhibitor,India,Picture," pushpak techno park 22-E1&E2, Bidadi, Karnataka 562109"
231,Hall C,CS2.9,AMAR RADIO CORPORATION,--,Exhibitor,India,Picture,"73/19/5, Ashokapuram Main Road, Yeshwanthpur Industrial Suburb, Bengaluru, Karnataka, 560022, India"
232,"Hall G, Hall G","GR5.1, GS1.7",Alpha Design Technologies Pvt Ltd,--,Exhibitor,India,Picture,"# 9, Service Road, HAL II Stage, Indiranagar, Bangalore, Karnataka, India, 560008"
233,Hall F,FS3.14,Aitech Innovations India Pvt Ltd,--,Exhibitor,India,Picture,"Salarpuria Infinity, Bhavani Nagar, S.G. Palya, Bengaluru, Karnataka 560029"
234,Hall A,AS1.12,Rotary Electronics,--,Exhibitor,India,Picture,"No. 18, 5th Cross, 4th Stage, West of Chord Road, Rajajinagar Industrial Town, Bengaluru, 560044"
235,"Hall F, Hall F","FR4.2, FR4.3",LOTUS ADVANCE TECHNOLOGIES PRIVATE LIMITED,--,Exhibitor,India,Picture," 3rd Floor, Plot No 332, Udyog Vihar, Phase-IV, Gurugram, Haryana-122015"
236,Hall E,ER3.2,MUNITIONS INDIA LIMITED,--,Exhibitor,India,Picture,"2nd Floor, Nyati Unitree, Nagar Rd, Blue Hill Society, Yerawada, Pune, Maharashtra 411006"
237,Hall J,JS3.3,DAVI,--,Exhibitor,Foreign,Picture,"Plot No. WZ-3426-A, SHAKURPUR, Rani Bagh, Delhi"
238,Hall J,JR5.2,ELETTRONICA SPA,--,Exhibitor,Foreign,Picture,"Via Tiburtina Valeria Km 13,700, 00131, Rome, Italy"
239,Hall B,BS5.20,LUREK ENGINEERING VENTURES PRIVATE LIMITED,--,Exhibitor,India,Picture,"104/A, Bhattaramarenahalli, Channarayapatana Hobli, Budigere, Hoskote, Bangalore Rural, Karnataka, India - 562129"
240,Hall C,CS2.5,AMADO TOOLS,--,Exhibitor,India,Picture," VJXP+875, Bandepalya, Garvebhavi Palya, Bengaluru, Karnataka 560068"
241,Hall A,AS3.5,Varchas Aerospace Pvt Ltd,--,Exhibitor,India,Picture,"Level 10, Raheja Towers, Mahatma Gandhi Road, Bengaluru, Karnataka 560001"
242,Hall J,JS4.3,Iconnexion Asia pte ltd,--,Exhibitor,Foreign,Picture,"3 Ang Mo Kio Street 62, #04-18 Link@AMK, Singapore 569139"
243,Hall K,KS2.1,Bluechip Infocorp Private Limited,--,Exhibitor,India,Picture,"A-405, 4th, Empire Business Hub, Science City Rd, Sola, Ahmedabad, Gujarat 380060"
244,CHALET,SCHALET.43B,Samtel Avionics Limited,--,Exhibitor,India,Picture,"1212, 12th Floor, 43 Chiranjiv Tower, Nehru Place, New Delhi, Delhi, India, 110019"
245,"Hall E, CHALET, CHALET, Outdoor","ER4.1, SCHALET.42A, SCHALET.43A, OD-3",Bharat Electronics Limited,--,Exhibitor,India,Picture," CHRJ+56J, Nacharam - Mallapur Rd, Industrial Development Area, IDA Mallapur, Hyderabad, Secunderabad, Telangana 500076"
246,Hall F,FS4.1,SENWELL EXPORTS PRIVATE LIMITED,--,Exhibitor,India,Picture," Gat No- 620/2, Wagholi - Rahu Rd, near HIGH CLIFF INDUSTRIAL ESTATE, Kesnand, Maharashtra 412207"
247,Hall C,CS3.5,Nalwa Aero Pvt Ltd,--,Exhibitor,India,Picture,"E-237, 2ND FLOOR, PHASE-8B, INDUSTRIAL AREA, Chandigarh Sector 71, Rupnagar, S.A.S.Nagar (Mohali), Punjab, India, 160071"
248,Hall F,FS3.7,Z Forge,--,Exhibitor,India,Picture,"B20B, SIDCO-II, Sipcot Ph. I, Hosur, Tamil Nadu 635126"
249,Hall H,HS3.5,Aaviza Electronics Private Limited,--,Exhibitor,India,Picture,"Survey No. 8, Khatha No. 3, Vijinapura Extension, Doorvaninagar, Bangalore, Karnataka 560016, India"
250,Hall K,KR4.3,GARG ASSOCIATES PRIVATE LIMITED.,VEER-O-METALS PRIVATE LIMITED,Co-Exhibitor,India,Picture,"D 3, Meerut Rd Industrial Area, Sector 21, Meerut Road Industrial Area, Ghaziabad, Uttar Pradesh 201001"
251,Hall H,HS3.6,Aeron Systems Pvt Ltd,--,Exhibitor,India,Picture," Plot No.7, Lane Number 5, behind D Mart, Laxman Nagar, Balewadi, Pune, Maharashtra 411045"
252,Hall K,KR4.6,Dexcel Electronics Designs Pvt Ltd,--,Exhibitor,India,Picture,"Level 3 & 4, Maruthi Towers, Kodihalli, 138, HAL Old Airport Rd, Kodihalli, Bengaluru, Karnataka 560008"
253,Hall H,HS4.5,DCM Shriram Industries Ltd,--,Exhibitor,India,Picture,"Kanchenjunga Building, 5th Floor, 18 Barakhamba Road, New Delhi - 110001, India"
254,Hall H,HR1.1,Avinash Kanchara,--,Exhibitor,India,Picture,No
255,Hall K,KS2.7,Tonbo Imaging India Private Limited,--,Exhibitor,India,Picture,"NO-3, Chikkayellappa Tower-II, 1st C Main, Sarjapur Main Road, Jakkasandra Extn, Bengaluru, 560034, India"
256,Hall K,KS3.3,Turbo India Interconnect Solutions LLP,--,Exhibitor,India,Picture," No 114, Govindaraja Nagar Ward, Pete Channappa Industrial Estate, Kamakshipalya, Bengaluru, Karnataka 560079"
257,Hall F,FR5.6,VINVELI Automated Systems Pvt Ltd,TamilNadu Industrial Development Corporation Limited,Co-Exhibitor,India,Picture," 27A Mudaliyar street, Chittode (TP), Erode (TK), Tamil Nadu, India, 638102"
258,Hall D,DR8,CSIR-NATIONAL AEROSPACE LABORATORIES,--,Exhibitor,India,Picture,"HAL Old Airport Rd, Kodihalli, Bengaluru, Karnataka 560017"
259,Hall F,FS3.8,ROOTS INDUSTRIES INDIA PVT LTD,--,Exhibitor,India,Picture,"Central Reserve Police Force Rd, Thoppampatti, Kathir Naickenpalayam, K. Vadamadurai, Coimbatore, Tamil Nadu 641017"
260,Hall B,BR3.3,THALES,GIFAS,Co-Exhibitor,Foreign,Picture,"9HP4+W6X, Laxmi Narayan Nagar Colony, Ramanthapur, Hyderabad, Telangana 500039"
261,Hall J,JS4.5,FDH Aero,--,Exhibitor,Foreign,Picture,"5200 Sheila St, Commerce, CA 90040, United States"
262,Hall F,FR5.5,Garuda Aerospace Private Limited,TamilNadu Industrial Development Corporation Limited,Co-Exhibitor,India,Picture," A-38, MIG, Lane Number 2, Indian Airlines Colony, Patigadda, Begumpet, Hyderabad, Telangana 500003"
263,Hall H,HS4.7,Medha Servo Drives Pvt. Ltd.,--,Exhibitor,India,Picture,": 2-3-2/A, Behind Mint Compound, Cherlapalli, Hyderabad, Telangana 500051"
264,Hall F,FS3.9,HILD Defence and Aerospace Private Limited,--,Exhibitor,India,Picture,"25, Greams Rd, Thousand Lights East, Thousand Lights, Chennai, Tamil Nadu 600006"
265,Hall G,GS1.2,Uni Tritech Private Limited,--,Exhibitor,India,Picture,"582A, Belur Industrial Area, Dharwad, Karnataka 580011"
266,Hall F,FS3.13,Thermovac Aerospace Pvt. Ltd.,--,Exhibitor,India,Picture," Plot No.548, Sompura 2nd Stage, Beeragondanahalli, Thyamagundulu, Nelamangala, Karnataka 562111"
267,"Hall E, CHALET, CHALET, CHALET, CHALET, Hall J","ER5.1, CHALET.13, CHALET.14, CHALET.15, CHALET.16, JR2.5",Indian Air Force,--,Exhibitor,India,Picture,"Air Headquarters (Vayu Bhawan), Motilal Nehru Marg, New Delhi - 110106"
268,"CHALET, Hall J","CHALET.36, JR5.1D",UNITED AIRCRAFT CORPORATION (UAC),--,Exhibitor,Foreign,Picture,"Ulansky Pereulok 22 bld.1, Moscow, 101000, Russia"
269,Hall D,DR7,Electronics Corporation of India Limited,--,Exhibitor,India,Picture," FH8G+VQV, ECIL, Swamik Nagar, A. S. Rao Nagar, Hyderabad, Secunderabad, Telangana 500062"
270,Hall K,KR4.2,AMETEK INSTRUMENTS INDIA PRIVATE LIMITED,--,Exhibitor,India,Picture,"Bhoruka Tech Park 3rd & 4th Floor Hoody Village, ITPL Main Rd, Mahadevapura, Bengaluru, Karnataka 560048"
271,Hall J,JR1.1A,KUSUMGAR PRIVATE LIMITED,--,Exhibitor,India,Picture,"1809, Industrial Area Rd, Phase 3, GIDC, Vapi, Gujarat 396195"
272,Hall F,FR5.2,LMW Limited,TamilNadu Industrial Development Corporation Limited,Co-Exhibitor,India,Picture,"Unit #B-3, Plot no, 645, Road No. 36, Aditya Enclave, Venkatagiri, Jubilee Hills, Hyderabad, Telangana 500033"
273,Hall K,KS5.4,JK PAPER LTD -DELOPT,--,Exhibitor,India,Picture," 3, Vegetable Market Rd, Sumitra Sapandana Enclave, Chikkadpally, Narayanguda, Hyderabad, Telangana 500044"
274,Hall J,JR2.2,Ubifly Technologies Private Limited,--,Exhibitor,India,Picture,"X6RH+V5H Department of Aerospace Engineering, Machine Design Section Rd, Indian Institute Of Technology, Chennai, Tamil Nadu 600036"
275,Hall G,GS3.6,GA TELECOMMUNICATIONS PRIVATE LIMITED,--,Exhibitor,India,Picture,"305 P.H. Complex, 65A, Vijay Block, Laxmi Nagar, East Delhi, Delhi, India - 110092"
276,Hall G,GS1.3,SFO Technologies Pvt Ltd,--,Exhibitor,India,Picture,"Stone House, Market Road, Aluva, Ernakulam, Kerala, India - 683101"
277,Hall J,JS4.7,TITANIUM INTL GROUP SRL,--,Exhibitor,Foreign,Picture,"Via Europa, 13-15, 40010 Sala Bolognese BO, Italy"
278,Hall F,FS4.4,Saturn Industries,--,Exhibitor,India,Picture," Post Office, Building No.B-22, ITI Anciillary Industrial Area, Devasandra Industrial 560048, Mahadevapura, Bengaluru, Karnataka 560048"
279,Hall G,GS4.5,SHUBDIN INDUSTRIES,--,Exhibitor,India,Picture,"Gr Fl, New 66, Old No 43, Hobli, Magadi Main Rd, Kachohalli, Dasanapura, Bengaluru, Karnataka 560091"
280,Hall G,GS2.5,3D MACINFOTECH PVT LTD,--,Exhibitor,India,Picture,"No. 5-91 Madinaguda, Gachibowli - Miyapur Rd, Hyderabad, Telangana 500049"
281,Hall F,FR5.4-B,Janatics India Private Limited,TamilNadu Industrial Development Corporation Limited,Co-Exhibitor,India,Picture," 7A, 4th Floor, VASAVI, AMSRI EDEN SQUARE, St Johns Rd, Regimental Bazaar, Shivaji Nagar, Secunderabad, Telangana 500003"
282,Hall F,FS3.3,JEANUVS PRIVATE LIMITED,--,Exhibitor,India,Picture,": Level-2, Olympia Teknos Park, Plot.No: 28, South Phase, Ambedkar Nagar, SIDCO Industrial Estate, Guindy, Chennai, Tamil Nadu 600032"
283,Hall H,HS3.2,JINDAL RECTIFIERS,--,Exhibitor,India,Picture," Plot No, 195, Sector 24, Faridabad, Haryana 121005"
284,Hall B,BR2.3,ABC,GIFAS,Co-Exhibitor,Foreign,Picture,No Address
285,Hall F,FS3.6,Vee See Bee Trust,--,Exhibitor,India,Picture,"6A, Trichy Main Rd, New Housing Unit, Thanjavur, Tamil Nadu 613005"
286,Hall K,KR4.1,WB Electronics India Private Limited,--,Exhibitor,India,Picture,"508/58 Nehru Place, New Delhi, Delhi, India, 110019"
287,Hall B,BR2.3,STACEM,GIFAS,Co-Exhibitor,Foreign,Picture,"Zone Industriel de Kerovel, 9 Rue de l'Industrie, 56390 Grand-Champ, France"
288,Hall B,BR2.3,SOCOMORE,GIFAS,Co-Exhibitor,Foreign,Picture,"Avenue Paul Dupleix, ZI du Prat - CS23707, Vannes Cedex, 56037, France"
289,Hall B,BR2.3,PARIS SAINT DENIS AERO,GIFAS,Co-Exhibitor,Foreign,Picture,"5B rue Bataille, 60330 Le Plessis-Belleville, France"
290,Hall B,BS5.19,Sirius Technologies,--,Exhibitor,Foreign,Picture,"31, 3rd Cross, 5th Main Rd, Cpv Block, Ganganagar, Bengaluru, Karnataka 560032"
291,Hall C,CR4.1,Uttar Pradesh Expressway Indsutrial Development Authority,--,Exhibitor,India,Picture,"Paryatan Bhawan, C-13, Lohia Path, Vipin Khand, Gomti Nagar, Lucknow, Uttar Pradesh 226010"
292,"Hall D, Hall D, Hall D, Hall D, Hall D, CHALET, CHALET, CHALET, CHALET, Outdoor","DR1, DR2, DR4, DR5, DR6, CHALET.26, CHALET.27, CHALET.28, CHALET.29, OD-5",Directorate of Management Services DRDO,--,Exhibitor,India,Picture,"DRDO Bhawan, Rajaji Marg, New Delhi - 110011"
293,Hall K,KS5.3,INVESTMENT AND PRECISION CASTINGS LIMITED,--,Exhibitor,India,Picture,"Bhavnagar, Gujarat 364006"
294,Hall B,BS5.5,SIDM,--,Exhibitor,India,Picture,"2nd Floor, Andhra Association Building, 24-25, Lodhi Rd, Institutional Area, New Delhi, Delhi 110003"
295,Hall G,GS4.2,GOODLUCK DEFENCE AND AEROSPACE LTD,--,Exhibitor,India,Picture,"81,& 82, Plot No; 80, Sherpur Road, Faridpur, Sikandrabad, Uttar Pradesh 203205"
296,Hall B,BR2.3,AEROMETALS ALLOYS,GIFAS,Co-Exhibitor,Foreign,Picture,"60-62 Av. du Progrès, 69680 Chassieu, France"
297,Hall B,BR2.3,Aeroprotec Services,GIFAS,Co-Exhibitor,Foreign,Picture," 6 Rue Vincent Auriol, 64000 Pau, France"
298,Hall B,BR2.3,EUROPE TECHNOLOGIES,GIFAS,Co-Exhibitor,Foreign,Picture,"2 Rue de la Fonderie, 44470 Carquefou, France"
299,Hall B,BR2.3,FACTEM,GIFAS,Co-Exhibitor,Foreign,Picture," 32 Rte de Caen, 14400 Bayeux, France"
300,Hall B,BR2.3,HEXCEL,GIFAS,Co-Exhibitor,Foreign,Picture,"281 Tresser Boulevard, 16th Floor, Stamford, CT 06901-3261, USA"
301,Hall B,BR2.3,KALISTRUT AEROSPACE,GIFAS,Co-Exhibitor,Foreign,Picture," 1 Av. Marc Seguin, 26240 Saint-Vallier, France"
302,Hall B,BR2.3,LACROIX,GIFAS,Co-Exhibitor,Foreign,Picture,"17 Rue Océane, 44800 Saint-Herblain, France"
303,Hall B,BR2.3,LEBRONZE ALLOYS,GIFAS,Co-Exhibitor,Foreign,Picture,"Voie de Châlons, 51600 Suippes"
304,Hall B,BR2.3,MACH AERO,GIFAS,Co-Exhibitor,Foreign,Picture,"2 Rue du Roussillon, Zone Industrielle de la Moinerie, BP 14, 91222 Bretigny Sur Orge, France"
305,Hall B,BR2.3,RECAERO,GIFAS,Co-Exhibitor,Foreign,Picture," 28-C Harohalli Main Road, Abhanakuppe, Karnataka 562109"
306,Hall B,BR2.3,ROXEL,GIFAS,Co-Exhibitor,Foreign,Picture," Summerfield Ln, Hartlebury, Kidderminster DY11 7RZ, United Kingdom"
307,Hall B,BR2.3,SBG Systems,GIFAS,Co-Exhibitor,Foreign,Picture,"1 Av. Eiffel, 78420 Carrières-sur-Seine, France"
308,Hall B,BR2.3,LAMECO,GIFAS,Co-Exhibitor,Foreign,Picture," Köln, Germany at Im Zollhafen 24, D-50678 Köln, Deutschland"
309,Hall B,BR2.3,ASB Group,GIFAS,Co-Exhibitor,Foreign,Picture," Allée Sainte Hélène, 18021 CEDEX, Bourges, France."
310,Hall B,BR1.3,Australian Department of Defence,--,Exhibitor,Foreign,Picture,"PO Box 7911, Canberra BC, ACT 2610, Australia"
311,Hall K,KS2.3,CNC India Tools & Services Pvt Ltd,--,Exhibitor,India,Picture," 2G72+58F, 7th Main Rd, 2nd Stage, Peenya Industrial Area Phase IV, Peenya, Bengaluru, Karnataka 560058"
312,Hall K,KS5.1,JAI SALES CORPORATION,--,Exhibitor,India,Picture,"Blue Cross Chambers, Infantry Rd Cross, Tasker Town, Shivaji Nagar, Bengaluru, Karnataka 560001"
313,"Hall J, Hall J","JR5.3, JR5.4",ECM Expo&Conference Management GmbH,--,Exhibitor,Foreign,Picture,"Eiswerderstraße 20A, 13585 Berlin, Germany"
314,Hall G,GS2.6,WAVEOPTIX DEFENCE SOLUTION PRIVATE LIMITED,--,Exhibitor,India,Picture," 1068, 3rd Floor, above Zigly, 24th Main Rd, 1st Sector, HSR Layout, Bengaluru, Karnataka 560102"
315,Hall B,BR2.3,HUTCHINSON SA,GIFAS,Co-Exhibitor,Foreign,Picture,"2, rue Balzac, 75008 Paris, France."
316,Hall B,BR2.3,ALA,GIFAS,Co-Exhibitor,Foreign,Picture,No Address
317,Hall K,KS5.5,VMX HI CONNECTORS PRIVATE LIMITED,--,Exhibitor,India,Picture,"No. 302/B, Bannikuppe Road, Harohalli 2nd Phase Industrial Area, Kanakapura, Bangalore Rural, Karnataka - 562112"
318,Hall A,AS3.9,Gowra Aerospace Technologies Pvt Ltd,--,Exhibitor,India,Picture," #1-8-384 & 385, #502, 5th Floor, Gowra Grand, SP Road, Begumpet, Secunderabad - 500003. Telangana, India"
319,Hall K,KS3.1,AQILA TECHNOLOGIES AND INTEGRATION SOLUTIONS PVT LTD,--,Exhibitor,India,Picture," F14, ground floor, F Block, Sector 8, Noida, Uttar Pradesh 201301"
320,Hall J,JR5.5,LEONARDO,--,Exhibitor,Foreign,Picture,"Piazza Monte Grappa, 4, 00195 Rome, Italy"
321,Hall J,JS4.2,Hi-Tech,--,Exhibitor,Foreign,Picture,No Address
322,Hall J,JS4.1,Hypercoat Enterprises Pte Ltd,--,Exhibitor,Foreign,Picture," 1 Loyang Way 6, Singapore 507076"
323,Hall G,GS4.3,KEETRONICS INDIA PVT LTD,--,Exhibitor,India,Picture," Devgiri Industrial Estate In lane, Late GA Kulkarni Path, near to KARISHMA COMPLEX, next to Starbucks, Kothrud Industrial Area, Kothrud, Pune, Maharashtra 411038"
324,Hall J,JR1.2b,AXISCADES Technologies Limited,--,Exhibitor,India,Picture," 17th Floor, Manjeera Trinity Corporate, JNTU - Hitech City Rd, Kukatpally Housing Board Colony, Kukatpally, Hyderabad, Telangana 500072"
325,Hall G,GS2.2,SERVOCONTROLS AEROSPACE AND TECHNOLOGIES PVT LTD,--,Exhibitor,India,Picture,"No. 54, 1st Phase, Peenya Industrial Area, Bangalore, Karnataka, India, 560058"
326,Hall C,CS3.8,Directorate General of Quality Assurance,--,Exhibitor,India,Picture,"Mohan Cooperative Industrial Estate, Badarpur, New Delhi, Delhi, 121003, India"
327,Hall G,GS2.4,THIRD WAVE RUGGEDTECH PRIVATE LIMITED,--,Exhibitor,India,Picture,"Flat No. 104, KRANTI ICON, Lakshmipuram Colony, Rukminipurui, A. S. Rao Nagar, Secunderabad, Telangana 500062"
328,Hall G,GS2.7,Creedx Composites Pvt.Ltd,--,Exhibitor,India,," Plot No: C-20/8, Rd Number 15, Hoziwala Industrial Estate, Sachin Apparel Park SEZ., Sachin, Surat, Gujarat 394230"
329,Hall G,GS3.7,JRVD DEFSPACE TECHNOLOGIES PVT LTD,--,Exhibitor,India,Picture,"Plot No.25-P-12, Phase 1, Bidadi Indl. Area Opp TKM Gate No-1, Bidadi TMC, Karnataka 562109"
330,Hall F,FS4.5,THE ORIENTAL CHEMICAL WORKS PRIVATE LIMITED,--,Exhibitor,India,Picture,"1/1B, Gobinda Adday Rd, Chetla, Kolkata, West Bengal 700027"
331,Hall A,AS3.8,ALTEN Global Technologies Pvt Ltd,--,Exhibitor,India,Picture,"No.72 & 73, 1st Floor, Krishna Reddy Colony, above No.72 & 73, 1st Floor, K.R.Colony, Krishna Reddy Layout, Amarjyoti Layout, Domlur, Bengaluru, Karnataka 560071"
332,Hall G,GR5.5A,Oerlikon Balzers Coating India Pvt. Ltd,--,Exhibitor,India,Picture,"EL-22, J Block, MIDC, Bhosari, Pune, Maharashtra 411026"
333,Hall G,GS4.7,PINBALL CLOTHING HOUSE PVT LTD,--,Exhibitor,India,Picture,"2952, Krishna Rajendra Rd, Siddanna Layout, Banashankari Stage II, Banashankari, Bengaluru, Karnataka 560070"
334,Hall F,FR6.9,TURBOCAM International,US Pavilion,Co-Exhibitor,Foreign,Picture,"607 Calef Hwy #200, Barrington, NH 03825, United States"
335,Hall F,FS3.5,GD JETCAT INDIA PRIVATE LIMITED,--,Exhibitor,India,Picture,"Plot No. 4, 20th Milestone, NH-19, Indra Nagar, Sector 5, Faridabad, Haryana 121006"
336,Hall J,JS3.1,Tetra Radio Systems Private Limited,--,Exhibitor,India,Picture,"Plot No. 6, SY No. 64, Sector-3, Huda Techno Enclave, Madhapur, Shaikpet, Hyderabad, Telangana, 500081, India"
337,Hall B,BR4.3,SAFRAN,GIFAS,Co-Exhibitor,Foreign,Picture," Sy No 83/1, Aurobindo Galaxy, Floor 2, Wing B, Knowledge City Rd, TSIIC, Hyderabad, Rai Durg, Telangana 500032"
338,Hall B,BR2.3,CORSE COMPOSITES AERONAUTIQUES,GIFAS,Co-Exhibitor,Foreign,Picture,"Zone Industrielle du Vazzio, 20700 Ajaccio, France"
339,Hall B,BR2.3,NSE,GIFAS,Co-Exhibitor,Foreign,Picture,"Suite 24 & 25, Vatika Business Centre, 3rd Floor, NSL Icon, 8-2-684/2/A, Plot No. 1-4, Road No. 12, Banjara Hills, Hyderabad – 500034. "
340,Hall B,BR2.3,DOMUSA GROUP SATHOM APS,GIFAS,Co-Exhibitor,Foreign,Picture,"Hauptstrasse 24, CH-4437 Waldenburg, Switzerland"
341,Hall B,BR2.3,VALLAIR,GIFAS,Co-Exhibitor,Foreign,Picture," 6b Rte de Treves, 2633 Niederanven, Luxembourg"
342,Hall B,BR2.3,DEDIENNE AEROSPACE,GIFAS,Co-Exhibitor,Foreign,Picture,"5 rue Gaye Marie, 31300 Toulouse, France"
343,Hall B,BR2.3,STS AEROSPACE TITEFLEX,GIFAS,Co-Exhibitor,Foreign,Picture,"7G2X+FHV Industrial, Industrial Estate, Varadanahalli, Karnataka 562163"
344,Hall J,JR1.6,Dassault Systemes,--,Exhibitor,Foreign,Picture,"10, rue Marcel Dassault, Vélizy-Villacoublay, 78140, France"
345,Hall G,GS3.2,MTT TELCOM PRIVATE LIMITED,--,Exhibitor,India,Picture," 6, Mumbai - Nashik Expy, Vehele, Bhiwandi, Maharashtra 421302"
346,Hall B,BR2.3,Trelleborg Aerospace,GIFAS,Co-Exhibitor,Foreign,Picture,"Johan Kocksgatan 10, P.O. Box 153, SE-231 22 Trelleborg, Sweden. "
347,Hall E,ER5.5b,Advanced Weapons and Equipment India Limited,--,Exhibitor,India,Picture,"F76Q+6WF, OFC, Kalpi Rd, Kanpur, Uttar Pradesh 208009"
348,Hall G,GR5.5C,Micross,--,Exhibitor,Foreign,Picture,"1810 S Orange Blossom Trail, Apopka, FL 32703, United States"
349,Hall K,KS2.5,SQUAREMAG SYSTEMS,--,Exhibitor,India,Picture,"phase-1,TSIIC, Plot no-4A/3, Sreeram Nagar Colony, Patancheruvu, Hyderabad, Telangana 502319"
350,Hall G,GR5.2B,VANDANA AIRCRAFT SERVICES PVT LTD,--,Exhibitor,India,Picture," Ranaji Enclave II Road, near, Sanatan Dharm Mandir Rd, Nangli Dairy, Najafgarh, New Delhi, Delhi 110043"
351,"Hall C, Hall C","CR5.1A, CR5.1B",CDAC,--,Exhibitor,India,Picture," Plot No. 6 & 7, Hardware Park, Sy No. 1/1, Srisailam Highway, Keshavagiri Post, Via, Pahadi Shareef, Hyderabad, Telangana 501510"
352,"CHALET, CHALET, CHALET, CHALET, CHALET, CHALET, CHALET, CHALET","CHALET.01, CHALET.02, CHALET.03, CHALET.04, CHALET.05, CHALET.06, CHALET.07, CHALET.08",mod,--,Exhibitor,India,Picture,"Room No 234, South Block, Ministry of Defence, New Delhi"
353,"CHALET, CHALET","CHALET.11, CHALET.12",hqids,--,Exhibitor,India,Picture," 3, West Block, Rama Krishna Puram, New Delhi, Delhi 110066"
354,"CHALET, CHALET, Hall ADVA","CHALET.17, CHALET.18, Hall ADVA",Indian Navy,--,Exhibitor,India,Picture,"Sena Bhawan, New Delhi - 110011"
355,"CHALET, CHALET, Hall E","CHALET.19, CHALET.20, ER3.1B",Indian Army,--,Exhibitor,India,Picture,"South Block, Raisina Hill, New Delhi"
356,Outdoor,OD-6B,TANTRAYUT TELECOMMUNICATIONS PRIVATE LIMITED,--,Exhibitor,India,Picture,"Unit No. B-1705 And B-1706, Plot No. 13/1 Arihant Aura, TTC MID, Sanpada, Navi Mumbai, Maharashtra 400705"
357,Hall J,JR1.1B,Jones Lang LaSalle Property Consultants India Pvt Ltd,--,Exhibitor,India,Picture,"1110, 11th Floor, Ashoka Estate, 24, Barakhamba Road, , New Delhi, Delhi, India "
358,Hall F,FR5.7,Aero Metals Alliance,US Pavilion,Co-Exhibitor,Foreign,Picture,"9/8, Hosur Main Road, Dairy Colony, Adugodi, Bengaluru, Karnataka 560029"
359,Hall F,FR6.9C,Aerospace Industries Association,US Pavilion,Co-Exhibitor,Foreign,Picture,Aerospace Industries Association
360,Hall F,FR6.9B,Future Metals,US Pavilion,Co-Exhibitor,Foreign,Picture,"10401 State Street, Tamarac, FL 33321, United States"
361,Hall F,FR6.5,General Atomics Aeronautical,US Pavilion,Co-Exhibitor,Foreign,Picture,"1000 Wilson Boulevard, Suite 1700, Arlington, VA 22209-3928, United States"
362,Hall F,FR5.9,Glenair Inc,US Pavilion,Co-Exhibitor,Foreign,Picture," 1211 Air Way, Glendale, CA 91201, United States. "
363,Hall F,FR6.8,Jonal Laboratories Inc,US Pavilion,Co-Exhibitor,Foreign,Picture," 456 Center St, Meriden, CT 06450, United States"
364,Hall F,FR6.9A,LeFiell Manufacturing Company,US Pavilion,Co-Exhibitor,Foreign,Picture,"13700 Firestone Blvd, Santa Fe Springs, CA 90670, United States"
365,Hall F,FR6.3,Lockheed Martin,US Pavilion,Co-Exhibitor,Foreign,Picture,"6801 Rockledge Drive, Bethesda, MD 20817, USA"
366,Hall F,FR5.8,Moog Inc,US Pavilion,Co-Exhibitor,Foreign,Picture,"400 Jamison Road, East Aurora, NY 14052, United States"
367,Hall F,FR6.8A,RBC Bearings Inc,US Pavilion,Co-Exhibitor,Foreign,Picture,"One Tribology Center, Oxford, CT 06478, United States"
368,Hall F,FR6.5A,RTX,US Pavilion,Co-Exhibitor,Foreign,Picture,"1000 Wilson Blvd, Arlington, VA 22209, United States"
369,Hall F,FR6.7,Titanium Industries,US Pavilion,Co-Exhibitor,Foreign,Picture,"1099/A,10TH CROSS,5TH B MAIN HBR LAYOUT,1ST STAGE,2ND BLOCK BANGALORE KA IN 560043"
370,Hall J,JS3.6,Sap Media Worldwide Ltd,--,Associate,India,Picture,"Dilkap Chambers, 509 & 511, Off Link Rd, off Veera Desai Road, Veera Desai Industrial Estate, Andheri West, Mumbai, Maharashtra 400053"
371,Hall F,FR6.4,L3Harris Technologies,US Pavilion,Co-Exhibitor,Foreign,Picture,"1025 W. NASA Boulevard, Melbourne, FL 32919, United States"
372,Hall K,KS3.2,SP Guide Publications Private Limited,--,Associate,India,Picture,"A-133, Arjun Nagar, Opposite Defence Colony, New Delhi 110 003, India"
373,Hall E,ER5.5a,MAZAGON DOCK SHIPBUILDERS LTD,--,Exhibitor,India,Picture,"Dockyard Rd, Wadi Bandar, Mazgaon, Mumbai, Maharashtra 400010"
374,Hall J,JR5.3,AneCom AeroTest GmbH,ECM Expo&Conference Management GmbH,Co-Exhibitor,Foreign,Picture,"Freiheitstraße 122, 15745 Wildau, Germany"
375,Hall J,JR5.3,dSPACE India Solutions Pvt Ltd,ECM Expo&Conference Management GmbH,Co-Exhibitor,Foreign,Picture,"2nd Floor, NXT-Tower, Embassy Manyata, 2, Outer Ring Rd, MS Ramaiah North City, Busines Park, Nagavara, Bengaluru, Karnataka 560045"
376,Hall J,JR5.3,F Zimmermann GmbH,ECM Expo&Conference Management GmbH,Co-Exhibitor,Foreign,Picture,"Bernhäuser Str. 35, 73765 Neuhausen auf den Fildern, Germany"
377,Hall J,JR5.3,FlexiCAM GmbH,ECM Expo&Conference Management GmbH,Co-Exhibitor,Foreign,Picture,"Eiswerderstraße 20A, 13585 Berlin, Germany"
378,Hall J,JR5.4,Fraunhofer AVIATION and SPACE,ECM Expo&Conference Management GmbH,Co-Exhibitor,Foreign,Picture,"Benkertsweg 9, 97246 Eibelstadt, Germany"
379,Hall J,JR5.4,HQW Precision GmbH,ECM Expo&Conference Management GmbH,Co-Exhibitor,Foreign,Picture," Wachtelberg 23, 97273 Kürnach, Germany"
380,Hall J,JR5.4,Kontron HARTMANN WIENER GmbH,ECM Expo&Conference Management GmbH,Co-Exhibitor,Foreign,Picture,"Motorstraße 43, 70499 Stuttgart, Germany"
381,Hall J,JR5.4,m p international GmbH,ECM Expo&Conference Management GmbH,Co-Exhibitor,Foreign,Picture,"Thurnithistraße 2, 30519 Hannover, Germany"
382,Hall J,JR5.3,Matplus GmbH,ECM Expo&Conference Management GmbH,Co-Exhibitor,Foreign,Picture,"Hofaue 55, 42103 Wuppertal, Germany"
383,Hall J,JR5.3,COMTES FHT as,ECM Expo&Conference Management GmbH,Co-Exhibitor,Foreign,Picture,"Pr?myslová 995, 334 41 Dob?any, Czechia"
384,Hall J,JR5.3,Nordmetall GmbH,ECM Expo&Conference Management GmbH,Co-Exhibitor,Foreign,Picture,"Adorfer Hauptstraße 16, 09221 Neukirchen/Erzgebirge, Germany"
385,Hall J,JR5.4,Mototok International GmbH,ECM Expo&Conference Management GmbH,Co-Exhibitor,Foreign,Picture,"Hohenzollernstraße 47, 47799 Krefeld, Germany"
386,Hall J,JR5.3,PACE Aerospace GmbH,ECM Expo&Conference Management GmbH,Co-Exhibitor,Foreign,Picture," Rotherstraße 20, 10245 Berlin, Germany"
387,Hall J,JR5.3,Quantum Systems GmbH,ECM Expo&Conference Management GmbH,Co-Exhibitor,Foreign,Picture,"Zeppelinstr. 18, 82205 Gilching, Bavaria, Germany"
388,Hall J,JR5.4,VIRA GmbH,ECM Expo&Conference Management GmbH,Co-Exhibitor,Foreign,Picture,"Am Flugpl. 3, 03058 Neuhausen/Spree, Germany"
389,Hall J,JR5.4,Volz Servos GmbH und Co KG,ECM Expo&Conference Management GmbH,Co-Exhibitor,Foreign,Picture," Heinrich-Krumm-Straße 5, 63073 Offenbach am Main, Germany"
390,Hall H,HR5.1,RANGSONS AEROSPACE PRIVATE LIMITED,Vista Consoles Electronics Pvt Ltd,Co-Exhibitor,India,Picture," # 9, KIADB Industrial Area, Sy 35, Part 36,42. Pura Village, Belagola Hobli, Shriranga Patna, Mandya – 571, 401, Hebbal Industrial Estate, Hebbal Industrial Area, Mysuru, Karnataka 571401"
391,Hall F,FR4.2,Steadicopter,LOTUS ADVANCE TECHNOLOGIES PRIVATE LIMITED,Co-Exhibitor,India,Picture,"6 Hatikshoret St. POB 729, Migdal HaEmek, 2307049, Israel"
392,Hall K,KS1.3,Export-Import Bank of India,--,Exhibitor,India,Picture,"Centre One Building, Floor 21, World Trade Centre Complex, Cuffe Parade, Mumbai – 400 005, India"
393,Hall G,GS4.6,MULTIPLE SPECIAL STEEL PVT LTD,--,Exhibitor,India,Picture,"Shanthi Pura, Phase II, Electronic City, Bengaluru, Karnataka 560099"
394,Hall J,JS4.8,Blue Skies Aviation Solutions,--,Exhibitor,Foreign,Picture,"Colombo International Airport Ratmalana, Office No 05,Hanger B, 10390, Sri Lanka"
395,Hall H,HR1.5,AXISCADES GMBH,--,Exhibitor,Foreign,Picture,"Hein-Sass-Weg 36, 21129 Hamburg, Germany"
396,Hall G,GR5.2A,SAGAR DFEENCE ENGINEERING PRIVATE LIMITED,--,Exhibitor,India,Picture,"PAP-V-13, Vasuli Village, MIDC Area, Chakan Phase 2, Maharashtra 411057"
397,Hall H,HR2.5a,SAARC CASES,SAARC Masts Tech Pvt Ltd,Co-Exhibitor,India,Picture,"Plot No: 85,86,87, Sidco Industrial Estate ,Malumichampatti (P.O, 641050"
398,Hall J,JS4.4,Firan Technology Group Corporation,--,Exhibitor,Foreign,Picture," 250 Finchdene Square, Toronto, Ontario, M1X 1A5, Canada"
399,Hall J,JR1.5,unimech aerospace and manufacturing limited,--,Exhibitor,India,Picture," 4th Phase, #538,539,542, 543, 7th Main Rd, Peenya, Bengaluru, Karnataka 560058"
400,Hall G,GS4.5,Dheya Engineering Technologies,SHUBDIN INDUSTRIES,Co-Exhibitor,India,Picture,"Kushal Garden Arcade, B-Block, 3rd Floor, No. 1a, Peenya Industrial Area, 2nd Phase, Bangalore-560058, Karnataka"
401,Hall K,KS1.1,Asteria Aerospace Limited,--,Exhibitor,India,Picture," 3rd Floor, Tellus Spaces, RWF West Colony, Yelahanka New Town, Bengaluru, Karnataka 560064"
402,Hall G,GS1.1,Newseye Media Pvt Ltd,--,Associate,India,Picture,"S13, Jangpura, Block C, Jangpura B, Hari Nagar Ashram, New Delhi, Delhi 110014"
403,Outdoor,OD-6A,Scandron Private Limited,--,Exhibitor,India,Picture," Dallas Center, 6th Floor 83/1, Plot No A1, Knowledge City Rd, Rai Durg, Telangana 500032"
404,Hall G,GR5.2D,LEKHA WIRELESS SOLUTIONS PVT LTD,--,Exhibitor,India,Picture,"Roshni Chambers, Marenahalli, 2nd Phase, J. P. Nagar, Bengaluru, Karnataka 560041"
405,Hall F,FR5.4-C,Agnikul Cosmos pvt Ltd,TamilNadu Industrial Development Corporation Limited,Co-Exhibitor,India,Picture,"910 Syndicate Bank Colony, Anna Nagar West Extn, Chennai 600101, Tamil Nadu, India. "
406,Hall C,CS1.1,Aerospace India Association,HICAL TECHNOLOGIES PRIVATE LIMITED,Co-Exhibitor,India,Picture,"#313, Brigade Road, Bangalore, Karnataka, 560001"
407,Hall G,GS3.3,SLN TECHNOLOGIES PRIVATE LIMITED,BASHI AEROSPACE PRIVATE LIMITED,Co-Exhibitor,India,Picture,"4-121, Mangalapuram, Challapalli, Krishna, Andhra Pradesh, 521131"
408,Hall E,ER5.5c,Directorate General of Quality Assurance(DGQA),--,Exhibitor,India,Picture,"2nd Floor, 'B' Block, Defence Offices Complex, Africa Avenue, New Delhi-110023"
409,Hall G,GR5.5B,HC Robotics Private Limited,--,Exhibitor,India,Picture,"Narayani Mansion, 1-90-2/10/E, Vittal Rao Nagar, Madhapur, Hyderabad, Telangana 500081"
410,Hall C,CS3.12,Foundation for Science Innovation and Development,--,Exhibitor,India,Picture," Indian Institute of Science, Innovation Centre, Campus, near Maramma Circle, near J.N. Tata Auditorium, Kodandarampura, Malleshwaram, Bengaluru, Karnataka 560012"
411,Hall J,JR5.3,BDLI German Aerospace Ind Assoc,ECM Expo&Conference Management GmbH,Co-Exhibitor,Foreign,Picture,"ATRIUM, Friedrichstraße 60, D-10117 Berlin, Germany"
412,Hall J,JR5.4,thyssenkrupp Aerospace India Pvt,ECM Expo&Conference Management GmbH,Co-Exhibitor,Foreign,Picture,"98 & 99, Bengaluru Aerospace SEZ Park KIADB Industrial Area, Budigere, Sulibele, Bengaluru, Karnataka 562165"
413,Hall A,AS2.11,JAYEM AUTOMOTIVES P LTD,Park Controls and Communications Private Limited,Co-Exhibitor,India,Picture,"Medchal - Ghanpur - Shamirpet Rd, Ghanpur, Akbarjapet, Telangana 501401"
414,Hall G,GR5.3d,India Optel Limited.,--,Exhibitor,India,Picture,"OFILDD (Ordnance Factories Institute of Learning) Campus, Raipur, Dehradun, Uttarakhand, India, 248008. "
415,Hall G,GR5.3b,VENUS WIRES PVT LTD,--,Exhibitor,India,Picture," 3rd Floor, Mehta Mahal, Srimad Rajchandra Ji, Charni Road, Opera House, Mumbai, Maharashtra 400004"
416,Hall K,KS1.2,ENORD PRIVATE LIMITED,--,Exhibitor,India,Picture,"Cabin no- 523, 5th floor, Innovation & Incubation Centre, New Delhi, Delhi 110020"
417,Hall J,JR5.1B,Almaz-Antey Air and Space Defence Corporation,--,Exhibitor,Foreign,Picture," Vereyskaya Street, 41, Moscow, Russia, 121471"
418,Hall J,JS3.5,BETA AIR JSC,--,Exhibitor,Foreign,Picture,"16 Shmidta St., Taganrog, 347922, Russia"
419,Hall G,GR5.2B,Divyanshi Aviation Services Pvt Ltd,VANDANA AIRCRAFT SERVICES PVT LTD,Co-Exhibitor,India,Picture," PLOT NO 17, 2, Najafgarh Rd, opp. NANGLI DAIRY, Ranaji Enclave, Masudabad, Najafgarh, New Delhi, Delhi, 110043"
420,"CHALET, CHALET","CHALET.45, CHALET.46",Karnataka State Industrial and Infrastructure Development Corporation Limited,--,Exhibitor,India,Picture," 4th Floor, Khanija Bhavan, 49, Race Course Rd, Racecourse, East Wing, Bengaluru, Karnataka 560001"
421,"Hall J, Hall J","JR2.4b, JR2.4a",AP Airport Development Corporation Limited,--,Exhibitor,India,Picture,"AP AIRPORTS DEVELOPMENT CORP. LTD. 4th Floor, IHC Corporate, Near APIIC building, IT Park, Mangalagiri - 522503"
,,,,,,,,
,,,,,,,,
